"","prob","team_name","year"
"3",0.0173212569206953,"Arizona Diamondbacks",2000
"4",0.0513148009777069,"Atlanta Braves",2000
"5",0.0218497235327959,"Baltimore Orioles",2000
"6",0.0141888177022338,"Boston Red Sox",2000
"7",0.0276673249900341,"Chicago White Sox",2000
"8",0.053417045623064,"Chicago Cubs",2000
"9",0.0141888177022338,"Cincinnati Reds",2000
"10",0.0468089655041695,"Cleveland Guardians",2000
"11",0.0422933287918568,"Colorado Rockies",2000
"12",0.0141888177022338,"Detroit Tigers",2000
"13",0.0193840321153402,"Miami Marlins",2000
"14",0.0468089655041695,"Houston Astros",2000
"15",0.0141888177022338,"Kansas City Royals",2000
"16",0.0257566571235657,"Los Angeles Dodgers",2000
"17",0.0110679166391492,"Milwaukee Brewers",2000
"18",0.0141888177022338,"Minnesota Twins",2000
"19",0.0110679166391492,"Washington Nationals",2000
"20",0.0816226378083229,"New York Yankees",2000
"21",0.0438610687851906,"New York Mets",2000
"22",0.0475488118827343,"Oakland Athletics",2000
"23",0.0399862863123417,"Philadelphia Phillies",2000
"24",0.0137421069666743,"Pittsburgh Pirates",2000
"25",0.0110679166391492,"San Diego Padres",2000
"26",0.0483591295778751,"Seattle Mariners",2000
"27",0.0576156415045261,"San Francisco Giants",2000
"28",0.0313616655766964,"St. Louis Cardinals",2000
"29",0.0141888177022338,"Tampa Bay Rays",2000
"30",0.0141888177022338,"Texas Rangers",2000
"31",0.0141888177022338,"Toronto Blue Jays",2000
"32",0.00868940260261297,"Los Angeles Angels",2001
"33",0.01177938003093,"Arizona Diamondbacks",2001
"34",0.01177938003093,"Atlanta Braves",2001
"35",0.0114513104781508,"Baltimore Orioles",2001
"36",0.00495047029107809,"Boston Red Sox",2001
"37",0.00868940260261297,"Chicago White Sox",2001
"38",0.0874121636152267,"Chicago Cubs",2001
"39",0.00495047029107809,"Cincinnati Reds",2001
"40",0.0207145884633064,"Cleveland Guardians",2001
"41",0.00875149574130774,"Colorado Rockies",2001
"42",0.00868940260261297,"Detroit Tigers",2001
"43",0.00495047029107809,"Miami Marlins",2001
"44",0.01177938003093,"Houston Astros",2001
"45",0.00868940260261297,"Kansas City Royals",2001
"46",0.00653179734945297,"Los Angeles Dodgers",2001
"47",0.00495047029107809,"Milwaukee Brewers",2001
"48",0.00495047029107809,"Minnesota Twins",2001
"49",0.00860085338354111,"Washington Nationals",2001
"50",0.345913648605347,"New York Yankees",2001
"51",0.00495047029107809,"New York Mets",2001
"52",0.0292553137987852,"Oakland Athletics",2001
"53",0.00860085338354111,"Philadelphia Phillies",2001
"54",0.0113809052854776,"Pittsburgh Pirates",2001
"55",0.00860085338354111,"San Diego Padres",2001
"56",0.0871089249849319,"Seattle Mariners",2001
"57",0.0113349379971623,"San Francisco Giants",2001
"58",0.0113349379971623,"St. Louis Cardinals",2001
"59",0.0113809052854776,"Tampa Bay Rays",2001
"60",0.0115155344828963,"Texas Rangers",2001
"61",0.00860085338354111,"Toronto Blue Jays",2001
"62",0.0527542978525162,"Los Angeles Angels",2002
"63",0.0527542978525162,"Arizona Diamondbacks",2002
"64",0.0527542978525162,"Atlanta Braves",2002
"65",0.0377878770232201,"Baltimore Orioles",2002
"66",0.0377878770232201,"Boston Red Sox",2002
"67",0.0477972626686096,"Chicago White Sox",2002
"68",0.255791902542114,"Chicago Cubs",2002
"69",0.0377878770232201,"Cincinnati Reds",2002
"70",0.0477972626686096,"Cleveland Guardians",2002
"71",0.0477972626686096,"Colorado Rockies",2002
"72",0.0477972626686096,"Detroit Tigers",2002
"73",0.0377878770232201,"Miami Marlins",2002
"74",0.0377878770232201,"Houston Astros",2002
"75",0.0377878770232201,"Kansas City Royals",2002
"76",0.0377878770232201,"Los Angeles Dodgers",2002
"77",0.0377878770232201,"Milwaukee Brewers",2002
"78",0.0377878770232201,"Minnesota Twins",2002
"79",0.0377878770232201,"Washington Nationals",2002
"80",0.571524083614349,"New York Yankees",2002
"81",0.0377878770232201,"New York Mets",2002
"82",0.0527542978525162,"Oakland Athletics",2002
"83",0.0377878770232201,"Philadelphia Phillies",2002
"84",0.0477972626686096,"Pittsburgh Pirates",2002
"85",0.0377878770232201,"San Diego Padres",2002
"86",0.0377878770232201,"Seattle Mariners",2002
"87",0.0377878770232201,"San Francisco Giants",2002
"88",0.0527542978525162,"St. Louis Cardinals",2002
"89",0.0377878770232201,"Tampa Bay Rays",2002
"90",0.0377878770232201,"Texas Rangers",2002
"91",0.0377878770232201,"Toronto Blue Jays",2002
"92",0.0619737356901169,"Los Angeles Angels",2003
"93",0.0619737356901169,"Arizona Diamondbacks",2003
"94",0.0619737356901169,"Atlanta Braves",2003
"95",0.0619737356901169,"Baltimore Orioles",2003
"96",0.0802074298262596,"Boston Red Sox",2003
"97",0.0619737356901169,"Chicago White Sox",2003
"98",0.223575443029404,"Chicago Cubs",2003
"99",0.0619737356901169,"Cincinnati Reds",2003
"100",0.0619737356901169,"Cleveland Guardians",2003
"101",0.0619737356901169,"Colorado Rockies",2003
"102",0.0767402052879333,"Detroit Tigers",2003
"103",0.107852205634117,"Miami Marlins",2003
"104",0.313482135534286,"Houston Astros",2003
"105",0.0619737356901169,"Kansas City Royals",2003
"106",0.147076487541199,"Los Angeles Dodgers",2003
"107",0.0619737356901169,"Milwaukee Brewers",2003
"108",0.107852205634117,"Minnesota Twins",2003
"109",0.0619737356901169,"Washington Nationals",2003
"110",0.0619737356901169,"New York Yankees",2003
"111",0.0619737356901169,"New York Mets",2003
"112",0.130278527736664,"Oakland Athletics",2003
"113",0.0913858041167259,"Philadelphia Phillies",2003
"114",0.0619737356901169,"Pittsburgh Pirates",2003
"115",0.0619737356901169,"San Diego Padres",2003
"116",0.239846706390381,"Seattle Mariners",2003
"117",0.320470333099365,"San Francisco Giants",2003
"118",0.107852205634117,"St. Louis Cardinals",2003
"119",0.0619737356901169,"Tampa Bay Rays",2003
"120",0.0619737356901169,"Texas Rangers",2003
"121",0.0619737356901169,"Toronto Blue Jays",2003
"122",0.0169177521020174,"Los Angeles Angels",2004
"123",0.0169177521020174,"Arizona Diamondbacks",2004
"124",0.0223595425486565,"Atlanta Braves",2004
"125",0.0169177521020174,"Baltimore Orioles",2004
"126",0.0397208780050278,"Boston Red Sox",2004
"127",0.0169177521020174,"Chicago White Sox",2004
"128",0.28187695145607,"Chicago Cubs",2004
"129",0.0169177521020174,"Cincinnati Reds",2004
"130",0.0169177521020174,"Cleveland Guardians",2004
"131",0.0948968827724457,"Colorado Rockies",2004
"132",0.0169177521020174,"Detroit Tigers",2004
"133",0.234372183680534,"Miami Marlins",2004
"134",0.0608052164316177,"Houston Astros",2004
"135",0.0169177521020174,"Kansas City Royals",2004
"136",0.225594937801361,"Los Angeles Dodgers",2004
"137",0.0169177521020174,"Milwaukee Brewers",2004
"138",0.0169177521020174,"Minnesota Twins",2004
"139",0.0169177521020174,"Washington Nationals",2004
"140",0.121818289160728,"New York Yankees",2004
"141",0.0169177521020174,"New York Mets",2004
"142",0.107498094439507,"Oakland Athletics",2004
"143",0.0788585543632507,"Philadelphia Phillies",2004
"144",0.0169177521020174,"Pittsburgh Pirates",2004
"145",0.0169177521020174,"San Diego Padres",2004
"146",0.0169177521020174,"Seattle Mariners",2004
"147",0.0227032788097858,"San Francisco Giants",2004
"148",0.0295251328498125,"St. Louis Cardinals",2004
"149",0.0169177521020174,"Tampa Bay Rays",2004
"150",0.0169177521020174,"Texas Rangers",2004
"151",0.0169177521020174,"Toronto Blue Jays",2004
"152",0.00122525170445442,"Arizona Diamondbacks",2005
"153",0.0103566506877542,"Atlanta Braves",2005
"154",0.00113520561717451,"Baltimore Orioles",2005
"155",0.0606321468949318,"Boston Red Sox",2005
"156",0.00735097844153643,"Chicago White Sox",2005
"157",0.00421842699870467,"Chicago Cubs",2005
"158",0.00234120804816484,"Cincinnati Reds",2005
"159",0.0031155520118773,"Cleveland Guardians",2005
"160",0.00261949305422604,"Colorado Rockies",2005
"161",0.000848736381158233,"Detroit Tigers",2005
"162",0.00131190824322402,"Miami Marlins",2005
"163",0.015735300257802,"Houston Astros",2005
"164",0.00211730971932411,"Kansas City Royals",2005
"165",0.0172287151217461,"Los Angeles Angels",2005
"166",0.00217203027568758,"Los Angeles Dodgers",2005
"167",0.00065251236082986,"Milwaukee Brewers",2005
"168",0.000536476785782725,"Minnesota Twins",2005
"169",0.111814722418785,"New York Yankees",2005
"170",0.00328900013118982,"New York Mets",2005
"171",0.0113277267664671,"Oakland Athletics",2005
"172",0.00342934648506343,"Philadelphia Phillies",2005
"173",0.00275114295072854,"Pittsburgh Pirates",2005
"174",0.000382511032512411,"San Diego Padres",2005
"175",0.00181742245331407,"Seattle Mariners",2005
"176",0.000440884177805856,"San Francisco Giants",2005
"177",0.00363954878412187,"St. Louis Cardinals",2005
"178",0.00221543246880174,"Tampa Bay Rays",2005
"179",0.000805772200692445,"Texas Rangers",2005
"180",0.00157066283281893,"Toronto Blue Jays",2005
"181",0.000436646456364542,"Washington Nationals",2005
"182",0.0344197787344456,"Arizona Diamondbacks",2006
"183",0.0344197787344456,"Atlanta Braves",2006
"184",0.046199593693018,"Baltimore Orioles",2006
"185",0.0344197787344456,"Boston Red Sox",2006
"186",0.0597010292112827,"Chicago White Sox",2006
"187",0.0856845676898956,"Chicago Cubs",2006
"188",0.0344197787344456,"Cincinnati Reds",2006
"189",0.046199593693018,"Cleveland Guardians",2006
"190",0.0344197787344456,"Colorado Rockies",2006
"191",0.0674014315009117,"Detroit Tigers",2006
"192",0.0344197787344456,"Miami Marlins",2006
"193",0.046771164983511,"Houston Astros",2006
"194",0.0344197787344456,"Kansas City Royals",2006
"195",0.0344197787344456,"Los Angeles Angels",2006
"196",0.0372781045734882,"Los Angeles Dodgers",2006
"197",0.0344197787344456,"Milwaukee Brewers",2006
"198",0.0372781045734882,"Minnesota Twins",2006
"199",0.125166863203049,"New York Yankees",2006
"200",0.0344197787344456,"New York Mets",2006
"201",0.0344197787344456,"Oakland Athletics",2006
"202",0.0815465748310089,"Philadelphia Phillies",2006
"203",0.0344197787344456,"Pittsburgh Pirates",2006
"204",0.0344197787344456,"San Diego Padres",2006
"205",0.043678879737854,"Seattle Mariners",2006
"206",0.0344197787344456,"San Francisco Giants",2006
"207",0.0344197787344456,"St. Louis Cardinals",2006
"208",0.04268753901124,"Tampa Bay Rays",2006
"209",0.0372781045734882,"Texas Rangers",2006
"210",0.0533943623304367,"Toronto Blue Jays",2006
"211",0.0344197787344456,"Washington Nationals",2006
"212",0.0356859527528286,"Arizona Diamondbacks",2007
"213",0.0147348018363118,"Atlanta Braves",2007
"214",0.0283333789557219,"Baltimore Orioles",2007
"215",0.0910270512104034,"Boston Red Sox",2007
"216",0.0104873841628432,"Chicago White Sox",2007
"217",0.0148886796087027,"Chicago Cubs",2007
"218",0.0104873841628432,"Cincinnati Reds",2007
"219",0.0131520750001073,"Cleveland Guardians",2007
"220",0.205536395311356,"Colorado Rockies",2007
"221",0.017700182273984,"Detroit Tigers",2007
"222",0.0104873841628432,"Miami Marlins",2007
"223",0.0104873841628432,"Houston Astros",2007
"224",0.0104873841628432,"Kansas City Royals",2007
"225",0.0236373692750931,"Los Angeles Angels",2007
"226",0.0109401755034924,"Los Angeles Dodgers",2007
"227",0.0104873841628432,"Milwaukee Brewers",2007
"228",0.0104873841628432,"Minnesota Twins",2007
"229",0.16473875939846,"New York Yankees",2007
"230",0.0192091017961502,"New York Mets",2007
"231",0.0140122603625059,"Oakland Athletics",2007
"232",0.017700182273984,"Philadelphia Phillies",2007
"233",0.0283333789557219,"Pittsburgh Pirates",2007
"234",0.0165929906070232,"San Diego Padres",2007
"235",0.017700182273984,"Seattle Mariners",2007
"236",0.0146149909123778,"San Francisco Giants",2007
"237",0.0104873841628432,"St. Louis Cardinals",2007
"238",0.0129763269796968,"Tampa Bay Rays",2007
"239",0.0129763269796968,"Texas Rangers",2007
"240",0.0116614820435643,"Toronto Blue Jays",2007
"241",0.0104873841628432,"Washington Nationals",2007
"242",0.0233378000557423,"Arizona Diamondbacks",2008
"243",0.0126447817310691,"Atlanta Braves",2008
"244",0.0267594698816538,"Baltimore Orioles",2008
"245",0.160975307226181,"Boston Red Sox",2008
"246",0.0247685890644789,"Chicago White Sox",2008
"247",0.0508924536406994,"Chicago Cubs",2008
"248",0.0122931133955717,"Cincinnati Reds",2008
"249",0.0157055892050266,"Cleveland Guardians",2008
"250",0.0228440463542938,"Colorado Rockies",2008
"251",0.0122931133955717,"Detroit Tigers",2008
"252",0.0260255970060825,"Miami Marlins",2008
"253",0.138042658567429,"Houston Astros",2008
"254",0.0138552533462644,"Kansas City Royals",2008
"255",0.0237315706908703,"Los Angeles Angels",2008
"256",0.0210668575018644,"Los Angeles Dodgers",2008
"257",0.0227240677922964,"Milwaukee Brewers",2008
"258",0.0126447817310691,"Minnesota Twins",2008
"259",0.0872852653264999,"New York Yankees",2008
"260",0.0218312293291092,"New York Mets",2008
"261",0.0189279597252607,"Oakland Athletics",2008
"262",0.0402690023183823,"Philadelphia Phillies",2008
"263",0.0133397439494729,"Pittsburgh Pirates",2008
"264",0.0194392111152411,"San Diego Padres",2008
"265",0.0126447817310691,"Seattle Mariners",2008
"266",0.0201699379831553,"San Francisco Giants",2008
"267",0.0290200784802437,"St. Louis Cardinals",2008
"268",0.237176790833473,"Tampa Bay Rays",2008
"269",0.0122931133955717,"Texas Rangers",2008
"270",0.145202815532684,"Toronto Blue Jays",2008
"271",0.0246837493032217,"Washington Nationals",2008
"272",0.0132319023832679,"Arizona Diamondbacks",2009
"273",0.0187193676829338,"Atlanta Braves",2009
"274",0.00422630459070206,"Baltimore Orioles",2009
"275",0.0344653129577637,"Boston Red Sox",2009
"276",0.00787570048123598,"Chicago White Sox",2009
"277",0.0437174886465073,"Chicago Cubs",2009
"278",0.00925939623266459,"Cincinnati Reds",2009
"279",0.00416391622275114,"Cleveland Guardians",2009
"280",0.0169489160180092,"Colorado Rockies",2009
"281",0.038429532200098,"Detroit Tigers",2009
"282",0.0254266131669283,"Miami Marlins",2009
"283",0.00788144115358591,"Houston Astros",2009
"284",0.0042553972452879,"Kansas City Royals",2009
"285",0.0147892842069268,"Los Angeles Angels",2009
"286",0.162968203425407,"Los Angeles Dodgers",2009
"287",0.00416391622275114,"Milwaukee Brewers",2009
"288",0.007545355707407,"Minnesota Twins",2009
"289",0.187485426664352,"New York Yankees",2009
"290",0.0165899731218815,"New York Mets",2009
"291",0.00496710231527686,"Oakland Athletics",2009
"292",0.0449842214584351,"Philadelphia Phillies",2009
"293",0.00854970887303352,"Pittsburgh Pirates",2009
"294",0.0133273238316178,"San Diego Padres",2009
"295",0.00583162531256676,"Seattle Mariners",2009
"296",0.0198609083890915,"San Francisco Giants",2009
"297",0.209391236305237,"St. Louis Cardinals",2009
"298",0.0100307250395417,"Tampa Bay Rays",2009
"299",0.00685531552881002,"Texas Rangers",2009
"300",0.00653093121945858,"Toronto Blue Jays",2009
"301",0.00506735919043422,"Washington Nationals",2009
"302",0.000401778350351378,"Arizona Diamondbacks",2010
"303",0.00536205992102623,"Atlanta Braves",2010
"304",0.000248266296694055,"Baltimore Orioles",2010
"305",0.00145482807420194,"Boston Red Sox",2010
"306",0.0164140611886978,"Chicago White Sox",2010
"307",0.000878253718838096,"Chicago Cubs",2010
"308",0.0695364102721214,"Cincinnati Reds",2010
"309",0.000775851076468825,"Cleveland Guardians",2010
"310",0.000293150282232091,"Colorado Rockies",2010
"311",0.000881560321431607,"Detroit Tigers",2010
"312",0.00252431374974549,"Miami Marlins",2010
"313",0.000552494486328214,"Houston Astros",2010
"314",0.000859036459587514,"Kansas City Royals",2010
"315",0.000782805203925818,"Los Angeles Angels",2010
"316",0.000835631508380175,"Los Angeles Dodgers",2010
"317",0.00140177248977125,"Milwaukee Brewers",2010
"318",0.00473556201905012,"Minnesota Twins",2010
"319",0.218141615390778,"New York Yankees",2010
"320",0.00186774996109307,"New York Mets",2010
"321",0.000407383951824158,"Oakland Athletics",2010
"322",0.230498179793358,"Philadelphia Phillies",2010
"323",0.000504320312757045,"Pittsburgh Pirates",2010
"324",0.00270913145504892,"San Diego Padres",2010
"325",0.000608152768108994,"Seattle Mariners",2010
"326",0.0239855274558067,"San Francisco Giants",2010
"327",0.0014348371187225,"St. Louis Cardinals",2010
"328",0.119213409721851,"Tampa Bay Rays",2010
"329",0.00454720808193088,"Texas Rangers",2010
"330",0.0246918443590403,"Toronto Blue Jays",2010
"331",0.000795927480794489,"Washington Nationals",2010
"332",0.100419998168945,"Arizona Diamondbacks",2011
"333",0.0532713681459427,"Atlanta Braves",2011
"334",0.00916895549744368,"Baltimore Orioles",2011
"335",0.0113703515380621,"Boston Red Sox",2011
"336",0.010584956035018,"Chicago White Sox",2011
"337",0.0142750144004822,"Chicago Cubs",2011
"338",0.0142899118363857,"Cincinnati Reds",2011
"339",0.00773709360510111,"Cleveland Guardians",2011
"340",0.00853682495653629,"Colorado Rockies",2011
"341",0.0103587135672569,"Detroit Tigers",2011
"342",0.00749258510768414,"Miami Marlins",2011
"343",0.00798921938985586,"Houston Astros",2011
"344",0.00972928386181593,"Kansas City Royals",2011
"345",0.0191566497087479,"Los Angeles Angels",2011
"346",0.0121642621234059,"Los Angeles Dodgers",2011
"347",0.0510050617158413,"Milwaukee Brewers",2011
"348",0.00798921938985586,"Minnesota Twins",2011
"349",0.0392908491194248,"New York Yankees",2011
"350",0.00822658836841583,"New York Mets",2011
"351",0.00749258510768414,"Oakland Athletics",2011
"352",0.342036485671997,"Philadelphia Phillies",2011
"353",0.00749258510768414,"Pittsburgh Pirates",2011
"354",0.00981357414275408,"San Diego Padres",2011
"355",0.00798921938985586,"Seattle Mariners",2011
"356",0.0383488871157169,"San Francisco Giants",2011
"357",0.0199364870786667,"St. Louis Cardinals",2011
"358",0.149466499686241,"Tampa Bay Rays",2011
"359",0.0300846099853516,"Texas Rangers",2011
"360",0.0113703515380621,"Toronto Blue Jays",2011
"361",0.0119156064465642,"Washington Nationals",2011
"362",0.016666641458869,"Arizona Diamondbacks",2012
"363",0.0194828063249588,"Atlanta Braves",2012
"364",0.0120469108223915,"Baltimore Orioles",2012
"365",0.00544440327212214,"Boston Red Sox",2012
"366",0.128549471497536,"Chicago White Sox",2012
"367",0.00671249534934759,"Chicago Cubs",2012
"368",0.0504745282232761,"Cincinnati Reds",2012
"369",0.00510503957048059,"Cleveland Guardians",2012
"370",0.00496531138196588,"Colorado Rockies",2012
"371",0.240977138280869,"Detroit Tigers",2012
"372",0.00510503957048059,"Houston Astros",2012
"373",0.00496531138196588,"Kansas City Royals",2012
"374",0.0128875412046909,"Los Angeles Angels",2012
"375",0.0370035693049431,"Los Angeles Dodgers",2012
"376",0.00544440327212214,"Miami Marlins",2012
"377",0.0212618205696344,"Milwaukee Brewers",2012
"378",0.00496531138196588,"Minnesota Twins",2012
"379",0.177531033754349,"New York Yankees",2012
"380",0.00701813958585262,"New York Mets",2012
"381",0.0259664803743362,"Oakland Athletics",2012
"382",0.0352876856923103,"Philadelphia Phillies",2012
"383",0.0089991670101881,"Pittsburgh Pirates",2012
"384",0.00544440327212214,"San Diego Padres",2012
"385",0.0121243437752128,"Seattle Mariners",2012
"386",0.0251906346529722,"San Francisco Giants",2012
"387",0.0104548400267959,"St. Louis Cardinals",2012
"388",0.0165570266544819,"Tampa Bay Rays",2012
"389",0.0352955237030983,"Texas Rangers",2012
"390",0.00958228018134832,"Toronto Blue Jays",2012
"391",0.126444593071938,"Washington Nationals",2012
"392",0.00621034391224384,"Arizona Diamondbacks",2013
"393",0.0131162460893393,"Atlanta Braves",2013
"394",0.00364366988651454,"Baltimore Orioles",2013
"395",0.113967448472977,"Boston Red Sox",2013
"396",0.00205620191991329,"Chicago White Sox",2013
"397",0.00453868787735701,"Chicago Cubs",2013
"398",0.0113433841615915,"Cincinnati Reds",2013
"399",0.0342022888362408,"Cleveland Guardians",2013
"400",0.00278493971563876,"Colorado Rockies",2013
"401",0.0392609909176826,"Detroit Tigers",2013
"402",0.00264127715490758,"Houston Astros",2013
"403",0.00306544615887105,"Kansas City Royals",2013
"404",0.00370208011008799,"Los Angeles Angels",2013
"405",0.0919431447982788,"Los Angeles Dodgers",2013
"406",0.00336970016360283,"Miami Marlins",2013
"407",0.00417000893503428,"Milwaukee Brewers",2013
"408",0.00264127715490758,"Minnesota Twins",2013
"409",0.0113771399483085,"New York Yankees",2013
"410",0.00718924961984158,"New York Mets",2013
"411",0.00796057935804129,"Oakland Athletics",2013
"412",0.00603936146944761,"Philadelphia Phillies",2013
"413",0.035444900393486,"Pittsburgh Pirates",2013
"414",0.00322812888771296,"San Diego Padres",2013
"415",0.00322812888771296,"Seattle Mariners",2013
"416",0.0083191255107522,"San Francisco Giants",2013
"417",0.2108254134655,"St. Louis Cardinals",2013
"418",0.036798320710659,"Tampa Bay Rays",2013
"419",0.0216443743556738,"Texas Rangers",2013
"420",0.00322812888771296,"Toronto Blue Jays",2013
"421",0.00434389943256974,"Washington Nationals",2013
"422",0.0138553716242313,"Arizona Diamondbacks",2014
"423",0.0367288440465927,"Atlanta Braves",2014
"424",0.0542132630944252,"Baltimore Orioles",2014
"425",0.0147113800048828,"Boston Red Sox",2014
"426",0.0111953532323241,"Chicago White Sox",2014
"427",0.0138553716242313,"Chicago Cubs",2014
"428",0.0209721364080906,"Cincinnati Reds",2014
"429",0.0199676677584648,"Cleveland Guardians",2014
"430",0.0118916118517518,"Colorado Rockies",2014
"431",0.10823667049408,"Detroit Tigers",2014
"432",0.0111953532323241,"Houston Astros",2014
"433",0.0737712010741234,"Kansas City Royals",2014
"434",0.122428260743618,"Los Angeles Angels",2014
"435",0.0611991323530674,"Los Angeles Dodgers",2014
"436",0.0268509220331907,"Miami Marlins",2014
"437",0.0199676677584648,"Milwaukee Brewers",2014
"438",0.0111953532323241,"Minnesota Twins",2014
"439",0.0368040688335896,"New York Yankees",2014
"440",0.0173147171735764,"New York Mets",2014
"441",0.0493729263544083,"Oakland Athletics",2014
"442",0.0371848121285439,"Philadelphia Phillies",2014
"443",0.0389915220439434,"Pittsburgh Pirates",2014
"444",0.0209721364080906,"San Diego Padres",2014
"445",0.0209721364080906,"Seattle Mariners",2014
"446",0.0640785396099091,"San Francisco Giants",2014
"447",0.0683344975113869,"St. Louis Cardinals",2014
"448",0.0161365121603012,"Tampa Bay Rays",2014
"449",0.0111953532323241,"Texas Rangers",2014
"450",0.0147113800048828,"Toronto Blue Jays",2014
"451",0.0768647566437721,"Washington Nationals",2014
"452",0.0118502834811807,"Arizona Diamondbacks",2015
"453",0.0142408078536391,"Atlanta Braves",2015
"454",0.0118502834811807,"Baltimore Orioles",2015
"455",0.0131344050168991,"Boston Red Sox",2015
"456",0.0118502834811807,"Chicago White Sox",2015
"457",0.0577129013836384,"Chicago Cubs",2015
"458",0.0118502834811807,"Cincinnati Reds",2015
"459",0.0143623612821102,"Cleveland Guardians",2015
"460",0.0116112325340509,"Colorado Rockies",2015
"461",0.0116112325340509,"Detroit Tigers",2015
"462",0.0289276205003262,"Houston Astros",2015
"463",0.0591929443180561,"Kansas City Royals",2015
"464",0.0276507511734962,"Los Angeles Angels",2015
"465",0.033884022384882,"Los Angeles Dodgers",2015
"466",0.0118502834811807,"Miami Marlins",2015
"467",0.0118502834811807,"Milwaukee Brewers",2015
"468",0.0150274755433202,"Minnesota Twins",2015
"469",0.0350819379091263,"New York Yankees",2015
"470",0.145358502864838,"New York Mets",2015
"471",0.0118502834811807,"Oakland Athletics",2015
"472",0.0116112325340509,"Philadelphia Phillies",2015
"473",0.0556148700416088,"Pittsburgh Pirates",2015
"474",0.0118502834811807,"San Diego Padres",2015
"475",0.0118502834811807,"Seattle Mariners",2015
"476",0.0385688878595829,"San Francisco Giants",2015
"477",0.0476539209485054,"St. Louis Cardinals",2015
"478",0.0118502834811807,"Tampa Bay Rays",2015
"479",0.069725938141346,"Texas Rangers",2015
"480",0.0719337165355682,"Toronto Blue Jays",2015
"481",0.0154410861432552,"Washington Nationals",2015
"482",0.00910931918770075,"Arizona Diamondbacks",2016
"483",0.0100051322951913,"Atlanta Braves",2016
"484",0.0398903973400593,"Baltimore Orioles",2016
"485",0.256918340921402,"Boston Red Sox",2016
"486",0.0100051322951913,"Chicago White Sox",2016
"487",0.184901282191277,"Chicago Cubs",2016
"488",0.00910931918770075,"Cincinnati Reds",2016
"489",0.0553270764648914,"Cleveland Guardians",2016
"490",0.00910931918770075,"Colorado Rockies",2016
"491",0.0189777221530676,"Detroit Tigers",2016
"492",0.0100051322951913,"Houston Astros",2016
"493",0.0151716694235802,"Kansas City Royals",2016
"494",0.0135351279750466,"Los Angeles Angels",2016
"495",0.122114308178425,"Los Angeles Dodgers",2016
"496",0.0205047000199556,"Miami Marlins",2016
"497",0.00910931918770075,"Milwaukee Brewers",2016
"498",0.00910931918770075,"Minnesota Twins",2016
"499",0.0100051322951913,"New York Yankees",2016
"500",0.0303549524396658,"New York Mets",2016
"501",0.0114647597074509,"Oakland Athletics",2016
"502",0.00910931918770075,"Philadelphia Phillies",2016
"503",0.00910931918770075,"Pittsburgh Pirates",2016
"504",0.0100051322951913,"San Diego Padres",2016
"505",0.0189777221530676,"Seattle Mariners",2016
"506",0.0787567645311356,"San Francisco Giants",2016
"507",0.100430011749268,"St. Louis Cardinals",2016
"508",0.0100051322951913,"Tampa Bay Rays",2016
"509",0.261054188013077,"Texas Rangers",2016
"510",0.045952495187521,"Toronto Blue Jays",2016
"511",0.0441270619630814,"Washington Nationals",2016
"512",0.031480610370636,"Arizona Diamondbacks",2017
"513",0.0248535815626383,"Atlanta Braves",2017
"514",0.0248535815626383,"Baltimore Orioles",2017
"515",0.0771545916795731,"Boston Red Sox",2017
"516",0.0248535815626383,"Chicago White Sox",2017
"517",0.402217358350754,"Chicago Cubs",2017
"518",0.0248535815626383,"Cincinnati Reds",2017
"519",0.0690670907497406,"Cleveland Guardians",2017
"520",0.031480610370636,"Colorado Rockies",2017
"521",0.0248535815626383,"Detroit Tigers",2017
"522",0.194218456745148,"Houston Astros",2017
"523",0.0248535815626383,"Kansas City Royals",2017
"524",0.0248535815626383,"Los Angeles Angels",2017
"525",0.180858761072159,"Los Angeles Dodgers",2017
"526",0.0248535815626383,"Miami Marlins",2017
"527",0.0248535815626383,"Milwaukee Brewers",2017
"528",0.031480610370636,"Minnesota Twins",2017
"529",0.0366076491773129,"New York Yankees",2017
"530",0.0248535815626383,"New York Mets",2017
"531",0.0248535815626383,"Oakland Athletics",2017
"532",0.0248535815626383,"Philadelphia Phillies",2017
"533",0.0248535815626383,"Pittsburgh Pirates",2017
"534",0.0248535815626383,"San Diego Padres",2017
"535",0.0248535815626383,"Seattle Mariners",2017
"536",0.0248535815626383,"San Francisco Giants",2017
"537",0.0248535815626383,"St. Louis Cardinals",2017
"538",0.0248535815626383,"Tampa Bay Rays",2017
"539",0.0248535815626383,"Texas Rangers",2017
"540",0.0248535815626383,"Toronto Blue Jays",2017
"541",0.141175210475922,"Washington Nationals",2017
"542",0.0175205618143082,"Arizona Diamondbacks",2018
"543",0.0725514441728592,"Atlanta Braves",2018
"544",0.0142668709158897,"Baltimore Orioles",2018
"545",0.276846885681152,"Boston Red Sox",2018
"546",0.0142668709158897,"Chicago White Sox",2018
"547",0.038149181753397,"Chicago Cubs",2018
"548",0.0142668709158897,"Cincinnati Reds",2018
"549",0.079929806292057,"Cleveland Guardians",2018
"550",0.0275074485689402,"Colorado Rockies",2018
"551",0.0142668709158897,"Detroit Tigers",2018
"552",0.0620127394795418,"Houston Astros",2018
"553",0.0142668709158897,"Kansas City Royals",2018
"554",0.0254399962723255,"Los Angeles Angels",2018
"555",0.0580947138369083,"Los Angeles Dodgers",2018
"556",0.0142668709158897,"Miami Marlins",2018
"557",0.0767589882016182,"Milwaukee Brewers",2018
"558",0.0142668709158897,"Minnesota Twins",2018
"559",0.106646105647087,"New York Yankees",2018
"560",0.0142668709158897,"New York Mets",2018
"561",0.038149181753397,"Oakland Athletics",2018
"562",0.0142668709158897,"Philadelphia Phillies",2018
"563",0.0194980595260859,"Pittsburgh Pirates",2018
"564",0.0142668709158897,"San Diego Padres",2018
"565",0.0516901724040508,"Seattle Mariners",2018
"566",0.0155697343870997,"San Francisco Giants",2018
"567",0.0447732545435429,"St. Louis Cardinals",2018
"568",0.0175205618143082,"Tampa Bay Rays",2018
"569",0.0142668709158897,"Texas Rangers",2018
"570",0.0142668709158897,"Toronto Blue Jays",2018
"571",0.0175205618143082,"Washington Nationals",2018
"572",0.0107929790392518,"Arizona Diamondbacks",2019
"573",0.0218795221298933,"Atlanta Braves",2019
"574",0.00198349542915821,"Baltimore Orioles",2019
"575",0.00318998168222606,"Boston Red Sox",2019
"576",0.00477617653086782,"Chicago White Sox",2019
"577",0.00276159076020122,"Chicago Cubs",2019
"578",0.00367621146142483,"Cincinnati Reds",2019
"579",0.00231138337403536,"Cleveland Guardians",2019
"580",0.00189582083839923,"Colorado Rockies",2019
"581",0.00189582083839923,"Detroit Tigers",2019
"582",0.0459354668855667,"Houston Astros",2019
"583",0.00154674495570362,"Kansas City Royals",2019
"584",0.00725177396088839,"Los Angeles Angels",2019
"585",0.0172510780394077,"Los Angeles Dodgers",2019
"586",0.00325447064824402,"Miami Marlins",2019
"587",0.00603162404149771,"Milwaukee Brewers",2019
"588",0.0688998252153397,"Minnesota Twins",2019
"589",0.168581947684288,"New York Yankees",2019
"590",0.00656287465244532,"New York Mets",2019
"591",0.00749111687764525,"Oakland Athletics",2019
"592",0.00676222331821918,"Philadelphia Phillies",2019
"593",0.00202174438163638,"Pittsburgh Pirates",2019
"594",0.00331360497511923,"San Diego Padres",2019
"595",0.00209681270644069,"Seattle Mariners",2019
"596",0.00160962238442153,"San Francisco Giants",2019
"597",0.0634359270334244,"St. Louis Cardinals",2019
"598",0.00850791949778795,"Tampa Bay Rays",2019
"599",0.0023691130336374,"Texas Rangers",2019
"600",0.00303907296620309,"Toronto Blue Jays",2019
"601",0.00624500447884202,"Washington Nationals",2019
"602",0.00611837208271027,"Arizona Diamondbacks",2021
"603",0.189396426081657,"Atlanta Braves",2021
"604",0.010330468416214,"Baltimore Orioles",2021
"605",0.0564105026423931,"Boston Red Sox",2021
"606",0.0405535474419594,"Chicago White Sox",2021
"607",0.00520439120009542,"Chicago Cubs",2021
"608",0.00564136542379856,"Cincinnati Reds",2021
"609",0.00984937231987715,"Cleveland Guardians",2021
"610",0.00520439120009542,"Colorado Rockies",2021
"611",0.00520439120009542,"Detroit Tigers",2021
"612",0.0772293359041214,"Houston Astros",2021
"613",0.00520439120009542,"Kansas City Royals",2021
"614",0.00672358134761453,"Los Angeles Angels",2021
"615",0.0843657925724983,"Los Angeles Dodgers",2021
"616",0.0041602523997426,"Miami Marlins",2021
"617",0.140791669487953,"Milwaukee Brewers",2021
"618",0.0041602523997426,"Minnesota Twins",2021
"619",0.13166107237339,"New York Yankees",2021
"620",0.0041602523997426,"New York Mets",2021
"621",0.0108427498489618,"Oakland Athletics",2021
"622",0.00621951185166836,"Philadelphia Phillies",2021
"623",0.00520439120009542,"Pittsburgh Pirates",2021
"624",0.00705459993332624,"San Diego Padres",2021
"625",0.0211353022605181,"Seattle Mariners",2021
"626",0.0119403162971139,"San Francisco Giants",2021
"627",0.0536998584866524,"St. Louis Cardinals",2021
"628",0.0281755663454533,"Tampa Bay Rays",2021
"629",0.00520439120009542,"Texas Rangers",2021
"630",0.0103059653192759,"Toronto Blue Jays",2021
"631",0.00867727398872375,"Washington Nationals",2021
"632",0.00230850325897336,"Arizona Diamondbacks",2022
"633",0.14734297990799,"Atlanta Braves",2022
"634",0.00302162603475153,"Baltimore Orioles",2022
"635",0.0041364305652678,"Boston Red Sox",2022
"636",0.00586505467072129,"Chicago White Sox",2022
"637",0.00351906125433743,"Chicago Cubs",2022
"638",0.00302162603475153,"Cincinnati Reds",2022
"639",0.0837307795882225,"Cleveland Guardians",2022
"640",0.00334653095342219,"Colorado Rockies",2022
"641",0.00230850325897336,"Detroit Tigers",2022
"642",0.0244427472352982,"Houston Astros",2022
"643",0.00214997725561261,"Kansas City Royals",2022
"644",0.00706639094278216,"Los Angeles Angels",2022
"645",0.0875986516475677,"Los Angeles Dodgers",2022
"646",0.00496572628617287,"Miami Marlins",2022
"647",0.0120106423273683,"Milwaukee Brewers",2022
"648",0.00230850325897336,"Minnesota Twins",2022
"649",0.118965841829777,"New York Yankees",2022
"650",0.0395054295659065,"New York Mets",2022
"651",0.00295809959061444,"Oakland Athletics",2022
"652",0.00295732752420008,"Philadelphia Phillies",2022
"653",0.00230850325897336,"Pittsburgh Pirates",2022
"654",0.0310618579387665,"San Diego Padres",2022
"655",0.0632948651909828,"Seattle Mariners",2022
"656",0.00546458223834634,"San Francisco Giants",2022
"657",0.0283009260892868,"St. Louis Cardinals",2022
"658",0.0181272961199284,"Tampa Bay Rays",2022
"659",0.00230850325897336,"Texas Rangers",2022
"660",0.0532259419560432,"Toronto Blue Jays",2022
"661",0.00230850325897336,"Washington Nationals",2022
"1",0.0135628059506416,"Los Angeles Angels",2000
"2100",0.0110514871776104,"Arizona Diamondbacks",2000
"3100",0.0142325712367892,"Atlanta Braves",2000
"4100",0.0110514871776104,"Baltimore Orioles",2000
"5100",0.0110514871776104,"Boston Red Sox",2000
"662",0.0243663992732763,"Chicago White Sox",2000
"710",0.0376122444868088,"Chicago Cubs",2000
"810",0.0135628059506416,"Cincinnati Reds",2000
"910",0.0564568489789963,"Cleveland Guardians",2000
"1010",0.0243663992732763,"Colorado Rockies",2000
"1110",0.0135628059506416,"Detroit Tigers",2000
"1210",0.0110514871776104,"Miami Marlins",2000
"1310",0.0564568489789963,"Houston Astros",2000
"1410",0.0177734550088644,"Kansas City Royals",2000
"1510",0.0334341898560524,"Los Angeles Dodgers",2000
"1610",0.0110514871776104,"Milwaukee Brewers",2000
"1710",0.0110514871776104,"Minnesota Twins",2000
"1810",0.0110514871776104,"Washington Nationals",2000
"1910",0.0595172457396984,"New York Yankees",2000
"2010",0.0334341898560524,"New York Mets",2000
"2110",0.0754934027791023,"Oakland Athletics",2000
"2210",0.0298240389674902,"Philadelphia Phillies",2000
"2310",0.0110514871776104,"Pittsburgh Pirates",2000
"2410",0.0110514871776104,"San Diego Padres",2000
"2510",0.0463765822350979,"Seattle Mariners",2000
"2610",0.0754934027791023,"San Francisco Giants",2000
"2710",0.043541681021452,"St. Louis Cardinals",2000
"2810",0.0110514871776104,"Tampa Bay Rays",2000
"2910",0.0135628059506416,"Texas Rangers",2000
"3010",0.0135628059506416,"Toronto Blue Jays",2000
"1100",0.0113956686109304,"Los Angeles Angels",2001
"2101",0.0161262359470129,"Arizona Diamondbacks",2001
"3101",0.012262568809092,"Atlanta Braves",2001
"4101",0.0113956686109304,"Baltimore Orioles",2001
"5101",0.00659002782776952,"Boston Red Sox",2001
"663",0.00865542236715555,"Chicago White Sox",2001
"711",0.113652050495148,"Chicago Cubs",2001
"811",0.00659002782776952,"Cincinnati Reds",2001
"911",0.0297085270285606,"Cleveland Guardians",2001
"1011",0.012240381911397,"Colorado Rockies",2001
"1111",0.00865542236715555,"Detroit Tigers",2001
"1211",0.00659002782776952,"Miami Marlins",2001
"1311",0.0161262359470129,"Houston Astros",2001
"1411",0.00865542236715555,"Kansas City Royals",2001
"1511",0.00659002782776952,"Los Angeles Dodgers",2001
"1611",0.00659002782776952,"Milwaukee Brewers",2001
"1711",0.00659002782776952,"Minnesota Twins",2001
"1811",0.00837332382798195,"Washington Nationals",2001
"1911",0.287380248308182,"New York Yankees",2001
"2011",0.00659002782776952,"New York Mets",2001
"2111",0.0386869981884956,"Oakland Athletics",2001
"2211",0.00635516690090299,"Philadelphia Phillies",2001
"2311",0.0110806524753571,"Pittsburgh Pirates",2001
"2411",0.00635516690090299,"San Diego Padres",2001
"2511",0.0904411226511002,"Seattle Mariners",2001
"2611",0.00635516690090299,"San Francisco Giants",2001
"2711",0.00837332382798195,"St. Louis Cardinals",2001
"2811",0.00841550808399916,"Tampa Bay Rays",2001
"2911",0.0155287832021713,"Texas Rangers",2001
"3011",0.00837332382798195,"Toronto Blue Jays",2001
"1101",0.0245950594544411,"Los Angeles Angels",2002
"2102",0.148580059409142,"Arizona Diamondbacks",2002
"3102",0.110877327620983,"Atlanta Braves",2002
"4102",0.00272521702572703,"Baltimore Orioles",2002
"5102",0.0219869185239077,"Boston Red Sox",2002
"664",0.00540922116488218,"Chicago White Sox",2002
"712",0.0715423300862312,"Chicago Cubs",2002
"812",0.00207862514071167,"Cincinnati Reds",2002
"912",0.00449716066941619,"Cleveland Guardians",2002
"1012",0.00494935689494014,"Colorado Rockies",2002
"1112",0.00323915481567383,"Detroit Tigers",2002
"1212",0.00304459105245769,"Miami Marlins",2002
"1312",0.00474971486255527,"Houston Astros",2002
"1412",0.00389304151758552,"Kansas City Royals",2002
"1512",0.0162191838026047,"Los Angeles Dodgers",2002
"1612",0.00373876467347145,"Milwaukee Brewers",2002
"1712",0.026306813582778,"Minnesota Twins",2002
"1812",0.00333303189836442,"Washington Nationals",2002
"1912",0.333227843046188,"New York Yankees",2002
"2012",0.00399217754602432,"New York Mets",2002
"2112",0.100659534335136,"Oakland Athletics",2002
"2212",0.0109266079962254,"Philadelphia Phillies",2002
"2312",0.00226703425869346,"Pittsburgh Pirates",2002
"2412",0.00234993849880993,"San Diego Padres",2002
"2512",0.00697623146697879,"Seattle Mariners",2002
"2612",0.0252728592604399,"San Francisco Giants",2002
"2712",0.0205621495842934,"St. Louis Cardinals",2002
"2812",0.00549298524856567,"Tampa Bay Rays",2002
"2912",0.00659240037202835,"Texas Rangers",2002
"3012",0.00280983629636467,"Toronto Blue Jays",2002
"1102",0.0361674018204212,"Los Angeles Angels",2003
"2103",0.120286829769611,"Arizona Diamondbacks",2003
"3103",0.0798699259757996,"Atlanta Braves",2003
"4103",0.0361674018204212,"Baltimore Orioles",2003
"5103",0.0361674018204212,"Boston Red Sox",2003
"665",0.0361674018204212,"Chicago White Sox",2003
"713",0.323405086994171,"Chicago Cubs",2003
"813",0.0460303649306297,"Cincinnati Reds",2003
"913",0.0361674018204212,"Cleveland Guardians",2003
"1013",0.0361674018204212,"Colorado Rockies",2003
"1113",0.0361674018204212,"Detroit Tigers",2003
"1213",0.0467038862407207,"Miami Marlins",2003
"1313",0.0361674018204212,"Houston Astros",2003
"1413",0.0361674018204212,"Kansas City Royals",2003
"1513",0.0896026343107224,"Los Angeles Dodgers",2003
"1613",0.0361674018204212,"Milwaukee Brewers",2003
"1713",0.0739182829856873,"Minnesota Twins",2003
"1813",0.0361674018204212,"Washington Nationals",2003
"1913",0.249017089605331,"New York Yankees",2003
"2013",0.0361674018204212,"New York Mets",2003
"2113",0.0798699259757996,"Oakland Athletics",2003
"2213",0.0361674018204212,"Philadelphia Phillies",2003
"2313",0.0361674018204212,"Pittsburgh Pirates",2003
"2413",0.0361674018204212,"San Diego Padres",2003
"2513",0.0467038862407207,"Seattle Mariners",2003
"2613",0.114258714020252,"San Francisco Giants",2003
"2713",0.0467038862407207,"St. Louis Cardinals",2003
"2813",0.0361674018204212,"Tampa Bay Rays",2003
"2913",0.0361674018204212,"Texas Rangers",2003
"3013",0.0361674018204212,"Toronto Blue Jays",2003
"1103",0.0705304741859436,"Los Angeles Angels",2004
"2104",0.0453752018511295,"Arizona Diamondbacks",2004
"3104",0.0453752018511295,"Atlanta Braves",2004
"4104",0.0705304741859436,"Baltimore Orioles",2004
"5104",0.242389217019081,"Boston Red Sox",2004
"666",0.0453752018511295,"Chicago White Sox",2004
"714",0.0453752018511295,"Chicago Cubs",2004
"814",0.0453752018511295,"Cincinnati Reds",2004
"914",0.0911480039358139,"Cleveland Guardians",2004
"1014",0.0453752018511295,"Colorado Rockies",2004
"1114",0.0453752018511295,"Detroit Tigers",2004
"1214",0.0453752018511295,"Miami Marlins",2004
"1314",0.0682670772075653,"Houston Astros",2004
"1414",0.0453752018511295,"Kansas City Royals",2004
"1514",0.0453752018511295,"Los Angeles Dodgers",2004
"1614",0.0453752018511295,"Milwaukee Brewers",2004
"1714",0.0453752018511295,"Minnesota Twins",2004
"1814",0.0453752018511295,"Washington Nationals",2004
"1914",0.41509473323822,"New York Yankees",2004
"2014",0.0453752018511295,"New York Mets",2004
"2114",0.0911480039358139,"Oakland Athletics",2004
"2214",0.0453752018511295,"Philadelphia Phillies",2004
"2314",0.0453752018511295,"Pittsburgh Pirates",2004
"2414",0.0453752018511295,"San Diego Padres",2004
"2514",0.0705304741859436,"Seattle Mariners",2004
"2614",0.0620748549699783,"San Francisco Giants",2004
"2714",0.141335666179657,"St. Louis Cardinals",2004
"2814",0.0453752018511295,"Tampa Bay Rays",2004
"2914",0.0453752018511295,"Texas Rangers",2004
"3014",0.0453752018511295,"Toronto Blue Jays",2004
"1104",0.0247046090662479,"Arizona Diamondbacks",2005
"2105",0.179200679063797,"Atlanta Braves",2005
"3105",0.023733327165246,"Baltimore Orioles",2005
"4105",0.0520355068147182,"Boston Red Sox",2005
"5105",0.0836165323853493,"Chicago White Sox",2005
"667",0.0271437596529722,"Chicago Cubs",2005
"715",0.0154427820816636,"Cincinnati Reds",2005
"815",0.0294771790504456,"Cleveland Guardians",2005
"915",0.0192161686718464,"Colorado Rockies",2005
"1015",0.0154427820816636,"Detroit Tigers",2005
"1115",0.0154427820816636,"Miami Marlins",2005
"1215",0.0511302910745144,"Houston Astros",2005
"1315",0.0192161686718464,"Kansas City Royals",2005
"1415",0.150749012827873,"Los Angeles Angels",2005
"1515",0.0192161686718464,"Los Angeles Dodgers",2005
"1615",0.0193322636187077,"Milwaukee Brewers",2005
"1715",0.0235957391560078,"Minnesota Twins",2005
"1815",0.304702967405319,"New York Yankees",2005
"1915",0.0258464720100164,"New York Mets",2005
"2015",0.0294771790504456,"Oakland Athletics",2005
"2115",0.0193322636187077,"Philadelphia Phillies",2005
"2215",0.0154427820816636,"Pittsburgh Pirates",2005
"2315",0.0154427820816636,"San Diego Padres",2005
"2415",0.0389408394694328,"Seattle Mariners",2005
"2515",0.0154427820816636,"San Francisco Giants",2005
"2615",0.0237446706742048,"St. Louis Cardinals",2005
"2715",0.0272367652505636,"Tampa Bay Rays",2005
"2815",0.0200063772499561,"Texas Rangers",2005
"2915",0.0154427820816636,"Toronto Blue Jays",2005
"3015",0.0235957391560078,"Washington Nationals",2005
"1105",0.0348649434745312,"Arizona Diamondbacks",2006
"2106",0.0348649434745312,"Atlanta Braves",2006
"3106",0.0504657961428165,"Baltimore Orioles",2006
"4106",0.0348649434745312,"Boston Red Sox",2006
"5106",0.0392866730690002,"Chicago White Sox",2006
"668",0.0445873662829399,"Chicago Cubs",2006
"716",0.0348649434745312,"Cincinnati Reds",2006
"816",0.0504657961428165,"Cleveland Guardians",2006
"916",0.0348649434745312,"Colorado Rockies",2006
"1016",0.0522912219166756,"Detroit Tigers",2006
"1116",0.0348649434745312,"Miami Marlins",2006
"1216",0.0445939265191555,"Houston Astros",2006
"1316",0.0348649434745312,"Kansas City Royals",2006
"1416",0.0348649434745312,"Los Angeles Angels",2006
"1516",0.0522912219166756,"Los Angeles Dodgers",2006
"1616",0.0348649434745312,"Milwaukee Brewers",2006
"1716",0.0392866730690002,"Minnesota Twins",2006
"1816",0.184179201722145,"New York Yankees",2006
"1916",0.0348649434745312,"New York Mets",2006
"2016",0.0519408211112022,"Oakland Athletics",2006
"2116",0.0516446381807327,"Philadelphia Phillies",2006
"2216",0.0348649434745312,"Pittsburgh Pirates",2006
"2316",0.0348649434745312,"San Diego Padres",2006
"2416",0.0445873662829399,"Seattle Mariners",2006
"2516",0.0348649434745312,"San Francisco Giants",2006
"2616",0.0348649434745312,"St. Louis Cardinals",2006
"2716",0.0448445864021778,"Tampa Bay Rays",2006
"2816",0.0392866730690002,"Texas Rangers",2006
"2916",0.0392866730690002,"Toronto Blue Jays",2006
"3016",0.0348649434745312,"Washington Nationals",2006
"1106",0.00156198651529849,"Arizona Diamondbacks",2007
"2107",0.00411628512665629,"Atlanta Braves",2007
"3107",0.00398275069892406,"Baltimore Orioles",2007
"4107",0.0196368880569935,"Boston Red Sox",2007
"5107",0.000226221833145246,"Chicago White Sox",2007
"669",0.0406684838235378,"Chicago Cubs",2007
"717",0.00562182487919927,"Cincinnati Reds",2007
"817",0.0056565492413938,"Cleveland Guardians",2007
"917",0.0551043525338173,"Colorado Rockies",2007
"1017",0.00119590677786618,"Detroit Tigers",2007
"1117",0.00125896849203855,"Miami Marlins",2007
"1217",0.000756733876187354,"Houston Astros",2007
"1317",0.000665252970065922,"Kansas City Royals",2007
"1417",0.00496261939406395,"Los Angeles Angels",2007
"1517",0.00558174308389425,"Los Angeles Dodgers",2007
"1617",0.000448513717856258,"Milwaukee Brewers",2007
"1717",0.00323566328734159,"Minnesota Twins",2007
"1817",0.113754421472549,"New York Yankees",2007
"1917",0.0325158685445786,"New York Mets",2007
"2017",0.00182763766497374,"Oakland Athletics",2007
"2117",0.0106561202555895,"Philadelphia Phillies",2007
"2217",0.00195423513650894,"Pittsburgh Pirates",2007
"2317",0.00164479715749621,"San Diego Padres",2007
"2417",0.00885000638663769,"Seattle Mariners",2007
"2517",0.00934669841080904,"San Francisco Giants",2007
"2617",0.00282884994521737,"St. Louis Cardinals",2007
"2717",0.00140091776847839,"Tampa Bay Rays",2007
"2817",0.000187048819498159,"Texas Rangers",2007
"2917",0.000325581058859825,"Toronto Blue Jays",2007
"3017",0.000192940337001346,"Washington Nationals",2007
"1107",0.00142776977736503,"Arizona Diamondbacks",2008
"2108",0.000736265734303743,"Atlanta Braves",2008
"3108",0.000872739590704441,"Baltimore Orioles",2008
"4108",0.0829880461096764,"Boston Red Sox",2008
"5108",0.0193169768899679,"Chicago White Sox",2008
"670",0.0219889283180237,"Chicago Cubs",2008
"718",0.000477721332572401,"Cincinnati Reds",2008
"818",0.00294524943456054,"Cleveland Guardians",2008
"918",0.00271804071962833,"Colorado Rockies",2008
"1018",0.000690426328219473,"Detroit Tigers",2008
"1118",0.00229153968393803,"Miami Marlins",2008
"1218",0.00739223323762417,"Houston Astros",2008
"1318",0.00107502343598753,"Kansas City Royals",2008
"1418",0.0588217340409756,"Los Angeles Angels",2008
"1518",0.00418770080432296,"Los Angeles Dodgers",2008
"1618",0.00102766486816108,"Milwaukee Brewers",2008
"1718",0.000812572950962931,"Minnesota Twins",2008
"1818",0.0104956803843379,"New York Yankees",2008
"1918",0.00417771842330694,"New York Mets",2008
"2018",0.0026365821249783,"Oakland Athletics",2008
"2118",0.00943749770522118,"Philadelphia Phillies",2008
"2218",0.000966177904047072,"Pittsburgh Pirates",2008
"2318",0.00136335589922965,"San Diego Padres",2008
"2418",0.000626217166427523,"Seattle Mariners",2008
"2518",0.00242614885792136,"San Francisco Giants",2008
"2618",0.00239695771597326,"St. Louis Cardinals",2008
"2718",0.0593195967376232,"Tampa Bay Rays",2008
"2818",0.00510510755702853,"Texas Rangers",2008
"2918",0.0388396121561527,"Toronto Blue Jays",2008
"3018",0.000734621484298259,"Washington Nationals",2008
"1108",0.0390707366168499,"Arizona Diamondbacks",2009
"2109",0.0355587862432003,"Atlanta Braves",2009
"3109",0.0264034699648619,"Baltimore Orioles",2009
"4109",0.0853206813335419,"Boston Red Sox",2009
"5109",0.0362999476492405,"Chicago White Sox",2009
"671",0.0447791405022144,"Chicago Cubs",2009
"719",0.0287841074168682,"Cincinnati Reds",2009
"819",0.0264034699648619,"Cleveland Guardians",2009
"919",0.120938561856747,"Colorado Rockies",2009
"1019",0.0269885063171387,"Detroit Tigers",2009
"1119",0.0269885063171387,"Miami Marlins",2009
"1219",0.0397033095359802,"Houston Astros",2009
"1319",0.0264034699648619,"Kansas City Royals",2009
"1419",0.0789350867271423,"Los Angeles Angels",2009
"1519",0.173010051250458,"Los Angeles Dodgers",2009
"1619",0.0264034699648619,"Milwaukee Brewers",2009
"1719",0.0504291616380215,"Minnesota Twins",2009
"1819",0.485344290733337,"New York Yankees",2009
"1919",0.0527123287320137,"New York Mets",2009
"2019",0.0264034699648619,"Oakland Athletics",2009
"2119",0.0914471372961998,"Philadelphia Phillies",2009
"2219",0.030765525996685,"Pittsburgh Pirates",2009
"2319",0.0269885063171387,"San Diego Padres",2009
"2419",0.0269885063171387,"Seattle Mariners",2009
"2519",0.0550776422023773,"San Francisco Giants",2009
"2619",0.0844660177826881,"St. Louis Cardinals",2009
"2719",0.0357869863510132,"Tampa Bay Rays",2009
"2819",0.0287841074168682,"Texas Rangers",2009
"2919",0.0397033095359802,"Toronto Blue Jays",2009
"3019",0.0264034699648619,"Washington Nationals",2009
"1109",0.0033405136782676,"Arizona Diamondbacks",2010
"2120",0.0084019098430872,"Atlanta Braves",2010
"3110",0.00365120102651417,"Baltimore Orioles",2010
"4110",0.0153611721470952,"Boston Red Sox",2010
"5110",0.0150702921673656,"Chicago White Sox",2010
"672",0.0035977999214083,"Chicago Cubs",2010
"720",0.17798475921154,"Cincinnati Reds",2010
"820",0.00365120102651417,"Cleveland Guardians",2010
"920",0.00407053017988801,"Colorado Rockies",2010
"1020",0.00498778792098165,"Detroit Tigers",2010
"1120",0.0121461236849427,"Miami Marlins",2010
"1220",0.0040715797804296,"Houston Astros",2010
"1320",0.00295231258496642,"Kansas City Royals",2010
"1420",0.00693063577637076,"Los Angeles Angels",2010
"1520",0.00739471474662423,"Los Angeles Dodgers",2010
"1620",0.00365120102651417,"Milwaukee Brewers",2010
"1720",0.0266222339123487,"Minnesota Twins",2010
"1820",0.120013892650604,"New York Yankees",2010
"1920",0.00891834404319525,"New York Mets",2010
"2020",0.0040715797804296,"Oakland Athletics",2010
"2121",0.249948903918266,"Philadelphia Phillies",2010
"2220",0.00295231258496642,"Pittsburgh Pirates",2010
"2320",0.0172722619026899,"San Diego Padres",2010
"2420",0.0040715797804296,"Seattle Mariners",2010
"2520",0.124438762664795,"San Francisco Giants",2010
"2620",0.00693063577637076,"St. Louis Cardinals",2010
"2720",0.181547418236732,"Tampa Bay Rays",2010
"2820",0.0075487345457077,"Texas Rangers",2010
"2920",0.0615431442856789,"Toronto Blue Jays",2010
"3020",0.0039093941450119,"Washington Nationals",2010
"1121",0.31471186876297,"Arizona Diamondbacks",2011
"2122",0.0450981631875038,"Atlanta Braves",2011
"3111",0.00505129899829626,"Baltimore Orioles",2011
"4111",0.00682309176772833,"Boston Red Sox",2011
"5111",0.0250606816262007,"Chicago White Sox",2011
"673",0.00667736679315567,"Chicago Cubs",2011
"721",0.0173934455960989,"Cincinnati Reds",2011
"821",0.00720090931281447,"Cleveland Guardians",2011
"921",0.00802930165082216,"Colorado Rockies",2011
"1021",0.00808126013725996,"Detroit Tigers",2011
"1122",0.00682309176772833,"Miami Marlins",2011
"1221",0.00505129899829626,"Houston Astros",2011
"1321",0.00738580198958516,"Kansas City Royals",2011
"1421",0.0278972573578358,"Los Angeles Angels",2011
"1521",0.0155700836330652,"Los Angeles Dodgers",2011
"1621",0.0107157854363322,"Milwaukee Brewers",2011
"1721",0.00505129899829626,"Minnesota Twins",2011
"1821",0.0560430064797401,"New York Yankees",2011
"1921",0.00505129899829626,"New York Mets",2011
"2021",0.00567309185862541,"Oakland Athletics",2011
"2123",0.469514220952988,"Philadelphia Phillies",2011
"2221",0.00505129899829626,"Pittsburgh Pirates",2011
"2321",0.0103701241314411,"San Diego Padres",2011
"2421",0.00567309185862541,"Seattle Mariners",2011
"2521",0.0259401891380548,"San Francisco Giants",2011
"2621",0.017270028591156,"St. Louis Cardinals",2011
"2721",0.161941275000572,"Tampa Bay Rays",2011
"2821",0.0184834394603968,"Texas Rangers",2011
"2921",0.00567309185862541,"Toronto Blue Jays",2011
"3021",0.0088950963690877,"Washington Nationals",2011
"1123",0.0294015817344189,"Arizona Diamondbacks",2012
"2124",0.0543328113853931,"Atlanta Braves",2012
"3112",0.0315009504556656,"Baltimore Orioles",2012
"4112",0.0153218870982528,"Boston Red Sox",2012
"5112",0.0451490432024002,"Chicago White Sox",2012
"674",0.0153218870982528,"Chicago Cubs",2012
"722",0.0426443293690681,"Cincinnati Reds",2012
"822",0.0153218870982528,"Cleveland Guardians",2012
"922",0.0153218870982528,"Colorado Rockies",2012
"1022",0.0758438557386398,"Detroit Tigers",2012
"1124",0.0153218870982528,"Houston Astros",2012
"1222",0.0158967208117247,"Kansas City Royals",2012
"1322",0.0153218870982528,"Los Angeles Angels",2012
"1422",0.0228902120143175,"Los Angeles Dodgers",2012
"1522",0.0183758288621902,"Miami Marlins",2012
"1622",0.0153218870982528,"Milwaukee Brewers",2012
"1722",0.0153218870982528,"Minnesota Twins",2012
"1822",0.199710965156555,"New York Yankees",2012
"1922",0.0153218870982528,"New York Mets",2012
"2022",0.0307850148528814,"Oakland Athletics",2012
"2125",0.0736534968018532,"Philadelphia Phillies",2012
"2222",0.0294015817344189,"Pittsburgh Pirates",2012
"2322",0.0153218870982528,"San Diego Padres",2012
"2422",0.0294015817344189,"Seattle Mariners",2012
"2522",0.0362703427672386,"San Francisco Giants",2012
"2622",0.0427572913467884,"St. Louis Cardinals",2012
"2722",0.030020285397768,"Tampa Bay Rays",2012
"2822",0.0644549205899239,"Texas Rangers",2012
"2922",0.0153218870982528,"Toronto Blue Jays",2012
"3022",0.105103380978107,"Washington Nationals",2012
"1125",0.00491320248693228,"Arizona Diamondbacks",2013
"2126",0.0238755568861961,"Atlanta Braves",2013
"3113",0.00255371420644224,"Baltimore Orioles",2013
"4113",0.104142621159554,"Boston Red Sox",2013
"5113",0.00175386457704008,"Chicago White Sox",2013
"675",0.00369576481170952,"Chicago Cubs",2013
"723",0.0151395918801427,"Cincinnati Reds",2013
"823",0.0461259484291077,"Cleveland Guardians",2013
"923",0.00305587984621525,"Colorado Rockies",2013
"1023",0.124575071036816,"Detroit Tigers",2013
"1126",0.00174278463236988,"Houston Astros",2013
"1223",0.00445910077542067,"Kansas City Royals",2013
"1323",0.00322408671490848,"Los Angeles Angels",2013
"1423",0.130729779601097,"Los Angeles Dodgers",2013
"1523",0.00711260084062815,"Miami Marlins",2013
"1623",0.00396235100924969,"Milwaukee Brewers",2013
"1723",0.0022323657758534,"Minnesota Twins",2013
"1823",0.00452539790421724,"New York Yankees",2013
"1923",0.00440522329881787,"New York Mets",2013
"2023",0.0198340192437172,"Oakland Athletics",2013
"2127",0.00356485252268612,"Philadelphia Phillies",2013
"2223",0.0435133129358292,"Pittsburgh Pirates",2013
"2323",0.00206089718267322,"San Diego Padres",2013
"2423",0.00423194095492363,"Seattle Mariners",2013
"2523",0.0141529850661755,"San Francisco Giants",2013
"2623",0.218928456306458,"St. Louis Cardinals",2013
"2723",0.0397280231118202,"Tampa Bay Rays",2013
"2823",0.0168099496513605,"Texas Rangers",2013
"2923",0.0025021918118,"Toronto Blue Jays",2013
"3023",0.0025215286295861,"Washington Nationals",2013
"1127",0.00157467217650265,"Arizona Diamondbacks",2014
"2128",0.00846069864928722,"Atlanta Braves",2014
"3114",0.0101800123229623,"Baltimore Orioles",2014
"4114",0.00463714217767119,"Boston Red Sox",2014
"5114",0.00157467217650265,"Chicago White Sox",2014
"676",0.00239545991644263,"Chicago Cubs",2014
"724",0.00412493571639061,"Cincinnati Reds",2014
"824",0.0029251070227474,"Cleveland Guardians",2014
"924",0.00069018651265651,"Colorado Rockies",2014
"1024",0.00945218373090029,"Detroit Tigers",2014
"1128",0.00103352742735296,"Houston Astros",2014
"1224",0.0848229825496674,"Kansas City Royals",2014
"1324",0.0894963890314102,"Los Angeles Angels",2014
"1424",0.0177812576293945,"Los Angeles Dodgers",2014
"1524",0.00246199499815702,"Miami Marlins",2014
"1624",0.00224302150309086,"Milwaukee Brewers",2014
"1724",0.00100714538712054,"Minnesota Twins",2014
"1824",0.021103149279952,"New York Yankees",2014
"1924",0.00115412555169314,"New York Mets",2014
"2024",0.00529336417093873,"Oakland Athletics",2014
"2129",0.00298034260049462,"Philadelphia Phillies",2014
"2224",0.0102614033967257,"Pittsburgh Pirates",2014
"2324",0.0030391220934689,"San Diego Padres",2014
"2424",0.0041136471554637,"Seattle Mariners",2014
"2524",0.0290551669895649,"San Francisco Giants",2014
"2624",0.0586521700024605,"St. Louis Cardinals",2014
"2724",0.00428081955760717,"Tampa Bay Rays",2014
"2824",0.00117725599557161,"Texas Rangers",2014
"2924",0.00370231945998967,"Toronto Blue Jays",2014
"3024",0.0149420956149697,"Washington Nationals",2014
"1129",0.00109399924986064,"Arizona Diamondbacks",2015
"2130",0.000651352689601481,"Atlanta Braves",2015
"3115",0.000834057980682701,"Baltimore Orioles",2015
"4115",0.000667381566017866,"Boston Red Sox",2015
"5115",0.000585599686019123,"Chicago White Sox",2015
"677",0.00144987262319773,"Chicago Cubs",2015
"725",0.00032605163869448,"Cincinnati Reds",2015
"825",0.00123016897123307,"Cleveland Guardians",2015
"925",0.000459753588074818,"Colorado Rockies",2015
"1025",0.00226909946650267,"Detroit Tigers",2015
"1130",0.00918144453316927,"Houston Astros",2015
"1225",0.015084114857018,"Kansas City Royals",2015
"1325",0.00506502529606223,"Los Angeles Angels",2015
"1425",0.0543149635195732,"Los Angeles Dodgers",2015
"1525",0.00091299373889342,"Miami Marlins",2015
"1625",0.000347715889802203,"Milwaukee Brewers",2015
"1725",0.000394924485590309,"Minnesota Twins",2015
"1825",0.00129378202836961,"New York Yankees",2015
"1925",0.230853691697121,"New York Mets",2015
"2025",0.000289639865513891,"Oakland Athletics",2015
"2131",0.000792919483501464,"Philadelphia Phillies",2015
"2225",0.00262631406076252,"Pittsburgh Pirates",2015
"2325",0.000365406216587871,"San Diego Padres",2015
"2425",0.00065580103546381,"Seattle Mariners",2015
"2525",0.0309208650141954,"San Francisco Giants",2015
"2625",0.0625187605619431,"St. Louis Cardinals",2015
"2725",0.000730883853975683,"Tampa Bay Rays",2015
"2825",0.00394406542181969,"Texas Rangers",2015
"2925",0.0615271665155888,"Toronto Blue Jays",2015
"3025",0.000936221273150295,"Washington Nationals",2015
"1131",0.00893041864037514,"Arizona Diamondbacks",2016
"2132",0.00893500261008739,"Atlanta Braves",2016
"3116",0.0189288724213839,"Baltimore Orioles",2016
"4116",0.320342481136322,"Boston Red Sox",2016
"5116",0.00933127943426371,"Chicago White Sox",2016
"678",0.165502533316612,"Chicago Cubs",2016
"726",0.00893500261008739,"Cincinnati Reds",2016
"826",0.104010902345181,"Cleveland Guardians",2016
"926",0.0113399298861623,"Colorado Rockies",2016
"1026",0.0146051803603768,"Detroit Tigers",2016
"1132",0.00933127943426371,"Houston Astros",2016
"1226",0.00933127943426371,"Kansas City Royals",2016
"1326",0.0104402769356966,"Los Angeles Angels",2016
"1426",0.128671079874039,"Los Angeles Dodgers",2016
"1526",0.0121925538405776,"Miami Marlins",2016
"1626",0.00893500261008739,"Milwaukee Brewers",2016
"1726",0.00893041864037514,"Minnesota Twins",2016
"1826",0.0121925538405776,"New York Yankees",2016
"1926",0.0146051803603768,"New York Mets",2016
"2026",0.0121925538405776,"Oakland Athletics",2016
"2133",0.00933127943426371,"Philadelphia Phillies",2016
"2226",0.00893041864037514,"Pittsburgh Pirates",2016
"2326",0.00893500261008739,"San Diego Padres",2016
"2426",0.0146051803603768,"Seattle Mariners",2016
"2526",0.0176284871995449,"San Francisco Giants",2016
"2626",0.0440131425857544,"St. Louis Cardinals",2016
"2726",0.00933127943426371,"Tampa Bay Rays",2016
"2826",0.109722748398781,"Texas Rangers",2016
"2926",0.0146051803603768,"Toronto Blue Jays",2016
"3026",0.0446286723017693,"Washington Nationals",2016
"1133",0.0267325956374407,"Arizona Diamondbacks",2017
"2134",0.019083434715867,"Atlanta Braves",2017
"3117",0.019083434715867,"Baltimore Orioles",2017
"4117",0.0287240799516439,"Boston Red Sox",2017
"5117",0.019083434715867,"Chicago White Sox",2017
"679",0.0927063226699829,"Chicago Cubs",2017
"727",0.019083434715867,"Cincinnati Reds",2017
"827",0.127290695905685,"Cleveland Guardians",2017
"927",0.0289646256715059,"Colorado Rockies",2017
"1027",0.019083434715867,"Detroit Tigers",2017
"1134",0.151370793581009,"Houston Astros",2017
"1227",0.019083434715867,"Kansas City Royals",2017
"1327",0.0325713567435741,"Los Angeles Angels",2017
"1427",0.114300318062305,"Los Angeles Dodgers",2017
"1527",0.0328707508742809,"Miami Marlins",2017
"1627",0.0273310914635658,"Milwaukee Brewers",2017
"1727",0.0238072462379932,"Minnesota Twins",2017
"1827",0.0359171591699123,"New York Yankees",2017
"1927",0.019083434715867,"New York Mets",2017
"2027",0.019083434715867,"Oakland Athletics",2017
"2135",0.019083434715867,"Philadelphia Phillies",2017
"2227",0.019083434715867,"Pittsburgh Pirates",2017
"2327",0.019083434715867,"San Diego Padres",2017
"2427",0.019083434715867,"Seattle Mariners",2017
"2527",0.0291418563574553,"San Francisco Giants",2017
"2627",0.0380410067737103,"St. Louis Cardinals",2017
"2727",0.019083434715867,"Tampa Bay Rays",2017
"2827",0.019083434715867,"Texas Rangers",2017
"2927",0.019083434715867,"Toronto Blue Jays",2017
"3027",0.0287240799516439,"Washington Nationals",2017
"1135",0.00556992739439011,"Arizona Diamondbacks",2018
"2136",0.0540824122726917,"Atlanta Braves",2018
"3118",0.00538919446989894,"Baltimore Orioles",2018
"4118",0.283948749303818,"Boston Red Sox",2018
"5118",0.00538919446989894,"Chicago White Sox",2018
"680",0.0238268431276083,"Chicago Cubs",2018
"728",0.00538919446989894,"Cincinnati Reds",2018
"828",0.0499163642525673,"Cleveland Guardians",2018
"928",0.0549176633358002,"Colorado Rockies",2018
"1028",0.00538919446989894,"Detroit Tigers",2018
"1136",0.0438418202102184,"Houston Astros",2018
"1228",0.00538919446989894,"Kansas City Royals",2018
"1328",0.0101155322045088,"Los Angeles Angels",2018
"1428",0.0710987821221352,"Los Angeles Dodgers",2018
"1528",0.00538919446989894,"Miami Marlins",2018
"1628",0.0627484917640686,"Milwaukee Brewers",2018
"1728",0.0128367226570845,"Minnesota Twins",2018
"1828",0.106594376266003,"New York Yankees",2018
"1928",0.00538919446989894,"New York Mets",2018
"2028",0.07269187271595,"Oakland Athletics",2018
"2137",0.00538919446989894,"Philadelphia Phillies",2018
"2228",0.00783452484756708,"Pittsburgh Pirates",2018
"2328",0.00538919446989894,"San Diego Padres",2018
"2428",0.0339188612997532,"Seattle Mariners",2018
"2528",0.00727582955732942,"San Francisco Giants",2018
"2628",0.0174202863126993,"St. Louis Cardinals",2018
"2728",0.00633438210934401,"Tampa Bay Rays",2018
"2828",0.00538919446989894,"Texas Rangers",2018
"2928",0.00538919446989894,"Toronto Blue Jays",2018
"3028",0.0128367226570845,"Washington Nationals",2018
"1137",0.00270412070676684,"Arizona Diamondbacks",2019
"2138",0.00386076420545578,"Atlanta Braves",2019
"3119",0.000579793762881309,"Baltimore Orioles",2019
"4119",0.00139294494874775,"Boston Red Sox",2019
"5119",0.00115815526805818,"Chicago White Sox",2019
"681",0.000705718237441033,"Chicago Cubs",2019
"729",0.000733898021280766,"Cincinnati Reds",2019
"829",0.00132885482162237,"Cleveland Guardians",2019
"929",0.00062951014842838,"Colorado Rockies",2019
"1029",0.000217025866732001,"Detroit Tigers",2019
"1138",0.50095123052597,"Houston Astros",2019
"1229",0.000202500959858298,"Kansas City Royals",2019
"1329",0.00119439547415823,"Los Angeles Angels",2019
"1429",0.0113541586324573,"Los Angeles Dodgers",2019
"1529",0.000736671790946275,"Miami Marlins",2019
"1629",0.00380298378877342,"Milwaukee Brewers",2019
"1729",0.0338541306555271,"Minnesota Twins",2019
"1829",0.110489875078201,"New York Yankees",2019
"1929",0.00171312317252159,"New York Mets",2019
"2029",0.00341396313160658,"Oakland Athletics",2019
"2139",0.00573604693636298,"Philadelphia Phillies",2019
"2229",0.000386805011657998,"Pittsburgh Pirates",2019
"2329",0.000341378996381536,"San Diego Padres",2019
"2429",0.000455162080470473,"Seattle Mariners",2019
"2529",0.000372640555724502,"San Francisco Giants",2019
"2629",0.0285645350813866,"St. Louis Cardinals",2019
"2729",0.00380497681908309,"Tampa Bay Rays",2019
"2829",0.000430137617513537,"Texas Rangers",2019
"2929",0.0003100007888861,"Toronto Blue Jays",2019
"3029",0.00426031975075603,"Washington Nationals",2019
"1139",0.01469402667135,"Arizona Diamondbacks",2021
"2140",0.0381843335926533,"Atlanta Braves",2021
"3120",0.01469402667135,"Baltimore Orioles",2021
"4120",0.0214787423610687,"Boston Red Sox",2021
"5120",0.0381843335926533,"Chicago White Sox",2021
"682",0.0114949969574809,"Chicago Cubs",2021
"730",0.0114949969574809,"Cincinnati Reds",2021
"830",0.0222657676786184,"Cleveland Guardians",2021
"930",0.0114949969574809,"Colorado Rockies",2021
"1030",0.01469402667135,"Detroit Tigers",2021
"1140",0.0407288558781147,"Houston Astros",2021
"1230",0.01469402667135,"Kansas City Royals",2021
"1330",0.0133461412042379,"Los Angeles Angels",2021
"1430",0.0408408865332603,"Los Angeles Dodgers",2021
"1530",0.01469402667135,"Miami Marlins",2021
"1630",0.0381843335926533,"Milwaukee Brewers",2021
"1730",0.01469402667135,"Minnesota Twins",2021
"1830",0.0258699543774128,"New York Yankees",2021
"1930",0.0114949969574809,"New York Mets",2021
"2030",0.01469402667135,"Oakland Athletics",2021
"2141",0.0174474865198135,"Philadelphia Phillies",2021
"2230",0.01469402667135,"Pittsburgh Pirates",2021
"2330",0.0114949969574809,"San Diego Padres",2021
"2430",0.0222657676786184,"Seattle Mariners",2021
"2530",0.0399206168949604,"San Francisco Giants",2021
"2630",0.0365151576697826,"St. Louis Cardinals",2021
"2730",0.0319465100765228,"Tampa Bay Rays",2021
"2830",0.0114949969574809,"Texas Rangers",2021
"2930",0.01469402667135,"Toronto Blue Jays",2021
"3030",0.0114949969574809,"Washington Nationals",2021
"1141",0.0251882821321487,"Arizona Diamondbacks",2022
"2142",0.137301281094551,"Atlanta Braves",2022
"3121",0.0251882821321487,"Baltimore Orioles",2022
"4121",0.0348265916109085,"Boston Red Sox",2022
"5121",0.0396739430725574,"Chicago White Sox",2022
"683",0.0251882821321487,"Chicago Cubs",2022
"731",0.0251882821321487,"Cincinnati Reds",2022
"831",0.0792180076241493,"Cleveland Guardians",2022
"931",0.0251882821321487,"Colorado Rockies",2022
"1031",0.0251882821321487,"Detroit Tigers",2022
"1142",0.0646981969475746,"Houston Astros",2022
"1231",0.0251882821321487,"Kansas City Royals",2022
"1331",0.0333527624607086,"Los Angeles Angels",2022
"1431",0.150112822651863,"Los Angeles Dodgers",2022
"1531",0.0561491884291172,"Miami Marlins",2022
"1631",0.0316030271351337,"Milwaukee Brewers",2022
"1731",0.0251882821321487,"Minnesota Twins",2022
"1831",0.100120052695274,"New York Yankees",2022
"1931",0.0651550590991974,"New York Mets",2022
"2031",0.0308194980025291,"Oakland Athletics",2022
"2143",0.0322873704135418,"Philadelphia Phillies",2022
"2231",0.0251882821321487,"Pittsburgh Pirates",2022
"2331",0.104979373514652,"San Diego Padres",2022
"2431",0.0772836729884148,"Seattle Mariners",2022
"2531",0.0402586832642555,"San Francisco Giants",2022
"2631",0.0477607734501362,"St. Louis Cardinals",2022
"2731",0.0827647596597672,"Tampa Bay Rays",2022
"2831",0.0251882821321487,"Texas Rangers",2022
"2931",0.108826212584972,"Toronto Blue Jays",2022
"3031",0.0251882821321487,"Washington Nationals",2022
